,Sensor 0,Sensor 1,Sensor 2,Sensor 3,Sensor 4,Sensor 5
Sensor 0,1.0,0.1554941235308827,-0.28630157539384843,0.037868279044850704,0.05640197253770808,-0.016159708356363673
Sensor 1,0.1554941235308827,1.0,-0.06927006751687921,-0.022946474917228985,0.02915617098263487,0.024602341704308275
Sensor 2,-0.28630157539384843,-0.06927006751687921,1.0,-0.05852354484692796,-0.02260972668076473,-0.13664290295403378
Sensor 3,0.03786827904485071,-0.02294647491722899,-0.05852354484692797,1.0,-0.3067317755080938,0.4103273355808679
Sensor 4,0.056401972537708074,0.02915617098263487,-0.02260972668076473,-0.3067317755080938,1.0,-0.2849625177037262
Sensor 5,-0.01615970835636367,0.024602341704308278,-0.13664290295403378,0.410327335580868,-0.2849625177037262,1.0
